property accountant,accounting specialist,forensic accountant,treasury accountant,accounts administrator,cpa,professional accountant,general ledger accountant,accountant,account officer,accounts officer,bank accountant,financial accountant,project accountant,general accountant,accounting consultant,assistant management accountant,accounting officer,staff accountant
treasury manager,treasury analyst,treasurer,assistant treasurer
tax preparer,tax consultant,tax accountant
area construction manager,construction manager,construction foreman
full charge bookkeeper,freelance bookkeeper,bookkeeper,office manager bookkeeper,assistant bookkeeper
business analyst,junior business analyst,business analyst intern,consulting analyst
call center agent,call center representative
chef,hospital cook,prep cook,culinary arts,fry cook,cook,pastry chef,dietary cook,pastry cook
construction labourer,labourer,construction apprentice,construction worker,construction laborer
area construction manager,construction manager
ai programmer,data scientist
oracle dba,sql server dba,dba,database administrator,sql dba,oracle database administrator,database manager
estimator,construction estimator
senior executive assistant,executive personal assistant,assistant,best executive assistant,executive assistant
building superintendent,facility manager,facilities manager,building manager
financial manager,finance manager
trading analyst,junior financial analyst,financial analyst,financial specialist,cfa,finance analyst,fixed income analyst
maintenance technician,general maintenance technician
crane operator,equipment operator,forklift operator,dump truck operator,heavy equipment operator,machine operator
ac technician,hvac technician,air conditioning mechanic
digital illustrator,illustrator
interior design,interior designer,assistant interior designer
technical project manager,software manager,it project manager,digital project manager,applications development manager,project specialist,project support,project manager
janitor,office cleaner,hotel cleaner,cleaner,janitorial,house cleaner,domestic cleaner
fashion journalist,broadcast journalist,journalist
apprentice lineman,lineman,linesman
maintenance manager,general maintenance technician
maintenance technician,motor mechanic,apprentice mechanic,automotive mechanic,mechanic,general maintenance technician,maintenance mechanic
maintenance technician,maintenance mechanic,technician,general maintenance technician
network manager,network administrator
cna,certified nurse assistant,nurse aide,certified nursing assistant,nurse assistant,assistant nurse,nursing,nursing assistant,auxiliary nurse,medical assistant internship
occupational therapist,occupational therapy assistant
office assistant,front office assistant
assistant office manager,office coordinator,office supervisor,business office manager,administrative supervisor,office manager
hotel operations manager,operations manager,operation manager,retail operations manager,it operations manager
auto painter,painter
celebrity personal assistant,personal assistant
pharmacist,hospital pharmacist,clinical pharmacist,retail pharmacist
assistant plant manager,plant manager
project officer,technical project manager,sap project manager,it project manager,web project manager,project coordinator,digital project manager,project specialist,assistant project manager,information technology project manager,software project manager,project manager
retail sales assistant,sales assistant,retail assistant,sales
facilities engineer,construction project engineer,building engineer,construction engineer,structural engineer
linux system administrator,systems administrator,as400 system administrator,linux admin,aix system administrator,linux administrator,windows administrator,it administrator,system administrator,unix administrator
user interface designer,ux designer,web designer
freelance web designer,web designer,user interface designer
youth coordinator,youth development specialist,youth program coordinator
youth counselor,youth development specialist,counsellor,youth counsellor
account representative,assistant account executive,account manager,key account manager,account specialist,advertising account manager,sales account manager,advertising account executive,account supervisor
advertising coordinator,advertising account manager
senior account manager,advertising operations manager,account director,account executive,advertising account executive
accounting assistant,assistant accountant,accountant assistant,accountant,account assistant,assistant,accounting technician
real estate agent,assessor,real estate manager
accounting supervisor,senior accountant,accountant supervisor,accounting director,accounting manager
accounts payable clerk,accounts payable,accounts payable analyst,account payable associate
accounts receivable manager,accounts receivable supervisor,accounts payable coordinator,accounts receivable coordinator,accounts receivable specialist,accounts payable manager,accounts payable supervisor,accounts payable specialist
actor,actress,child actor,beginner actor
actuarial analyst,actuary
admissions counselor,admission counselor,college admissions counselor,admissions assistant,admissions advisor
architectural representative,intern architect,architectural designer,architect,architecture,junior architect
elementary art teacher,art teacher
early childhood educator,ece,infant teacher,child care teacher,early childhood assistant,pre k teacher,early childhood teacher,preschool teacher,daycare teacher,early childhood education
education assistant,early childhood assistant,instructional aide,preschool assistant,preschool teacher assistant,preschool assistant teacher
special education assistant,special needs teaching assistant,special needs assistant,special education aide,learning mentor
elementary art teacher,art teacher
artist in residence,artist
associate manager,store associate,retail sales assistant,assistant store manager,assistant grocery store manager
assistant attorney general,district attorney,attorney,associate attorney
junior auditor,audit clerk,audit associate,internal auditor,night auditor,auditor,associate auditor,audit specialist
automotive technician,automotive electrician,automotive service technician
behavior therapist,behavior analyst,applied behavior analyst,bcba,applied behavior specialist,behavior specialist,aba consultant,behavioral therapist
bank teller,banking consultant,teller,banking
investment banker,business banker,banker
coffee barista,barista
bartender server,bar staff,bartender
bank branch manager,branch manager,assistant branch manager
associate brand manager,brand manager,assistant brand manager
business systems analyst,systems analyst
assistant buyer,associate buyer,buyer,fashion buyer
ceo,chief executive officer,executive officer
finance executive,chief financial officer,cfo
cio,chief information officer
chief marketing officer,director of marketing,marketing executive,senior marketing manager,cma
chief operating officer,coo,director of operations
case manager,disability case manager,mental health case manager,case worker,caseworker,case coordinator
retail cashier,cashier,grocery store cashier,customer service cashier,bank cashier
medical assistant,certified medical assistant
qc chemist,chemist
laboratory analyst,lab analyst,analytical chemist,analytical technician
civil engineering technician,commissioning engineer,site engineer,field engineer,civil engineer
assistant coach,coach
communications director,communications coordinator,director of communications,communications manager,communications,communications officer
computer repair technician,computer service technician,computer technician
hotel concierge,concierge
laborer,general labor,construction worker,general labourer,general,construction laborer,general laborer,blue collar worker
associate consultant,consultant
assistant controller,cost controller,controller,financial controller
developmental editor,web content editor,editor,assignment editor,copy editor
writer,copywriter
cosmetologist,beautician,nail technician
counsellor,counselor
judicial clerk,court clerk,deputy clerk,judicial law clerk,law clerk
credit risk analyst,credit analyst,bank credit analyst
customer support representative,customer service,client service associate,customer service clerk,customer advocate,customer care representative,customer service agent,guest relations manager,guest services manager,customer care assistant,customer service rep,customer service assistant,customer experience associate,customer service representative,customer relations representative,customer support agent,customer care specialist,customer assistant,customer representative,assistant guest services manager,customer service associate,customer service administrator,customer support
airline customer service agent,airline customer service
customer care coordinator,customer service manager job position,customer service advisor,customer service trainer,client services manager,customer relations specialist,customer service operations manager,customer service supervisor,client service representative,customer service professional,customer support specialist,customer service consultant,customer relations officer,customer service specialist,customer care specialist,customer service manager,customer relationship manager,service coordinator,customer liaison officer,customer service coordinator,client service associate
customer support analyst,customer service analyst
customer service officer,customer service executive
apple specialist,customer support engineer,customer service engineer
analyst,data analyst
data entry,data entry operator,data entry specialist,data entry clerk
data entry,data entry clerk
driver,delivery driver,armored car messenger,armored car driver
airport driver,truck driver,bus driver,cdl driver
dental assistant,registered dental assistant
dental hygienist,hygienist
dietary aide,dietetic assistant
clinical dietitian,registered dietitian,dietician,dietary manager,dietitian,dietitian nutritionist,dietary supervisor
digital marketing manager,digital marketing specialist
digital marketing manager,digital marketing specialist
director of business development,director of development
driver,delivery driver
economist,economic analyst,economic development
electrical design engineer,electrical engineer
emergency medical technician,emt,medical technician
engineer,industrial engineer,industrial engineering
engineering manager,senior engineer,engineer manager,director of engineering
environment,environmental engineer,environmental engineering
esthetician,medical esthetician,new esthetician,aesthetician
events coordinator,event coordinator
chielf operating officer,coo
special events manager,event planner,conference coordinator,conference planner,conference manager,events manager,program coordinator,event manager,events planner,events assistant,event management
special events manager,event planner,conference coordinator,conference planner,conference manager,events manager,program coordinator,event manager,events planner,events assistant,event management
executive chef,head chef,executive sous chef
kinesiologist,kinesiology,exercise physiologist
document controller,file clerk
director of finance,finance director,cfo,financial manager,chief financial officer
financial assistant,finance,finance assistant,finance intern
finance,financial advisor,financial consultant,financial adviser
firefighter,volunteer firefighter,fire fighter,new firefighter
corporate flight attendant,flight attendant
plant manager,food service manager,food service,brand manager
heavy equipment operator,forklift operator
assistant general manager,general manager
school guidance counselor,guidance counselor
hair stylist,hair stylist assistant,hairstylist,hairdresser
help desk support,help desk,service desk,service desk analyst,help desk technician,help desk analyst
home health nurse,mental health technician,home health care,hha,home care worker,home support worker,home health aide
pharmacist,hospital pharmacist
air hostess,hostess,casino host,host
air hostess,hostess,host,hostess position
housekeeping aide,housekeeping attendant,housekeeper,housekeeping room attendant,hotel housekeeper,hospital housekeeper,domestic cleaner
human resources administrative assistant,hr administrator,human resources assistant,hr trainee,human resources clerk,hr clerk,hr admin,hr assistant,hr intern,human resource assistant,human resources administrator
human resources coordinator,hr coordinator
human resources specialist,human resource specialist,hr officer,human resources officer,hr representative,hr specialist,hr recruiter
hr generalist,human resources generalist
human resources manager,hr executive,human resource manager,human resource management,hr director,hr manager,human resources director
it director,cto,it executive
it supervisor,it manager,sap project manager 
engineer,industrial engineer,industrial engineering
insurance sales agent,insurance agent
intelligence analyst,intelligence officer
rn,staff nurse,hospitalist,nurse,acute care nurse practitioner,nurse practitioner,health professional,registered nurse,graduate nurse,company nurse,new grad nurse,school nurse,occupational health nurse,home health nurse,community nurse,enrolled nurse,practical nurse,new graduate nurse,licensed practical nurse,lvn,lpn,army nurse,family nurse practitioner,public health nurse
rn,staff nurse,hospitalist,nurse,acute care nurse practitioner,nurse practitioner,health professional,registered nurse,graduate nurse,company nurse,new grad nurse,school nurse,occupational health nurse,home health nurse,community nurse,enrolled nurse,practical nurse,new graduate nurse,licensed practical nurse,lvn,lpn,army nurse,family nurse practitioner,public health nurse
lab technician,medical lab technician,laboratory technician,medical technician
general laborer,labourer,construction laborer,laborer
legal administrative assistant,legal internship,legal secretary,legal intern,legal assistant,legal administrator
legal administrative assistant,legal internship,legal intern,legal secretary,legal administrator
legal administrative assistant,legal internship,legal secretary,legal intern,legal assistant,legal administrator
library technician,law librarian,assistant librarian,school librarian,librarian,academic librarian,childrens librarian,reference librarian,library clerk
library aide,library assistant,library
chef de partie,line cook
assistant loan officer,loan officer,mortgage loan originator,mortgage loan processor,ag loan officer,mortgage specialist,bank loan,mortgage loan officer,mortgage underwriter
cnc machine operator,cnc machinist,machinist
mac makeup artist,makeup artist,make up artist,freelance makeup artist
engineer,manufacturing,manufacturing engineer
marketing trainee,marketing consultant,marketing associate,marketing coordinator,marketing professional,marketing representative,marketing assistant,marketing,marketing intern,marketer,marketing officer,marketing specialist,marketing internship
marketing trainee,marketing consultant,marketing associate,marketing coordinator,marketing professional,marketing representative,marketing assistant,marketing,marketing intern,marketer,marketing officer,marketing specialist,marketing internship
marketing trainee,marketing consultant,marketing associate,marketing coordinator,marketing professional,marketing representative,marketing assistant,marketing,marketing intern,marketer,marketing officer,marketing specialist,marketing internship
marketing trainee,marketing consultant,marketing associate,marketing coordinator,marketing professional,marketing representative,marketing assistant,marketing,marketing intern,marketer,marketing officer,marketing specialist,marketing internship
marketing trainee,marketing coordinator,marketing associate,marketing consultant,marketing professional,marketing representative,marketing assistant,marketing,marketing intern,marketer,marketing officer,marketing specialist,marketing internship
marketing strategist,marketing director,chief marketing officer,director of marketing,marketing executive,cmo,marketing vice president
marketing trainee,marketing consultant,marketing associate,marketing coordinator,marketing professional,marketing representative,marketing assistant,marketing,marketing intern,marketer,marketing officer,marketing specialist,marketing internship
marketing manager,marketing project manager,assistant marketing manager,product marketing manager,senior marketing manager,trade marketing manager
marketing trainee,marketing consultant,marketing associate,marketing professional,marketing representative,marketing assistant,marketing,marketing intern,marketer,marketing officer,marketing specialist,marketing internship
nurse manager,charge nurse,nursing supervisor
sous chef,line cook,chef de partie,executive sous chef
administrative assistant,assistant,administration assistant,staff assistant
translator,translator interpretor,arabic translator,freelance translator
php web developer,web developer,junior web developer
audit assistant,admin assistant,trading assistant,assistant
admissions officer,admissions director,admissions clerk,admissions coordinator
assistant accountant,accountant assistant,accounts assistant,entry level accountant,accounting associate,account assistant,junior accountant,trainee accountant
junior project manager,assistant product manager,assistant manager,project manager assistant,assistant project manager,project support,project assistant
statistician,biostatistician,artist
caretaker,school caretaker
nurse manager,charge nurse,nursing supervisor
general insurance,claims specialist
clinical nurse specialist,advanced practice nurse,clinical nurse
clinical nurse specialist,advanced practice nurse,clinical nurse
cna,certified nurse assistant,nurse aide,certified nursing assistant,nurse assistant,nursing,nursing assistant,auxiliary nurse,medical assistant internship
cnc machine operator,cnc machinist,machinist
coffee barista,barista,artist
barback,cocktail server,bar attendant,bar staff
apprentice chef,commis chef
emergency nurse,critical care nurse,er nurse,wound care nurse,emergency room nurse
data entry,data entry specialist
dental technician,dental lab technician
digital designer,digital marketing manager,designer,digital marketing specialist
animal trainer,dog trainer
elementary art teacher,art teacher
first grade teacher,primary school teacher,elementary school teacher,beginning teacher,elementary teacher,classroom teacher,primary teacher,first year teacher,student teacher,school teacher,head teacher,reading teacher,new teacher
emergency room nurse,er nurse,wound care nurse,emergency nurse
emergency nurse,critical care nurse,er nurse,wound care nurse,emergency room nurse
field assistant,assistant
instructor,exercise,strength and conditioning coach,fitness,fitness instructor,personal trainer,fitness trainer,trainer,fitness consultant
web designer,ui developer,front end web developer,front end developer
assistant grocery store manager,grocery store,grocery store manager,grocery manager
help desk supervisor,help desk manager
arabic teacher,arabic tutor
international school teacher,foreign language teacher
spanish teacher,bilingual teacher
art professor,community college instructor
associate professor,assistant professor
law professor,assistant professor of law
college lecturer,college professor,college teacher,professor,university lecturer,lecturer,university professor
language teacher,language arts teacher
special education teacher,special ed teacher
adjunct faculty,adjunct professor,adjunct instructor,adjunct lecturer
assistant lecturer,university lecturer
english instructor,english professor,english lecturer
teacher,high school art teacher
high school english teacher,english teacher
high school teacher,middle school teacher,private school teacher,secondary teacher,college teaching position
online teacher,online instructor
music education teacher,music teacher
professional teacher,science teacher
computer teacher,technology teacher,it teacher,computer science teacher
biology teacher,biology tutor
christian teacher,catholic school teacher
janitor,hotel porter,janitorial,cleaner,hospital porter,porter
executive secretary,senior secretary
hotel front desk,hotel front desk receptionist
elementary school secretary,school secretary
corporate receptionist,front desk associate,front desk receptionist,front desk attendant,front office assistant,front desk,general office assistant,receptionist,office support,front desk assistant,office assistant,secretary receptionist,front desk clerk,front desk agent,front office agent,clerical assistant
secretary,assistant secretary,team secretary,company secretary,assistant corporate secretary
office clerk,administrative secretary,office administrator,administration clerk,general clerk,administrative clerk,administrative clerical,admin officer,administrative officer,administration officer,administrative professional,clerk,general office clerk,admin clerk,business assistant,administrative specialist
administration assistant,administrative aide,assistant administrator,clerical assistant,general assistant,administrative assistant,administrative support,administrative support specialist
legal secretary,legal administrative assistant
medical administrative assistant,healthcare administrator,hospital secretary,administrative medical assistant,hospital clerk,hospital administrator,medical receptionist,unit clerk,unit secretary,medical front office assistant,medical secretary
icu nurse,cvicu nurse
electrician helper,journeyman electrician
labor and delivery nurse,maternity nurse
mail processing clerk,mail clerk
accountant supervisor,chief accountant,management accountant
marketing project manager,marketing manager
pediatric nurse practitioner,nursery nurse,pediatric nurse,neonatal nurse,baby nurse
nursing supervisor,nurse manager,charge nurse
oracle dba,oracle database administrator,database administrator,dba
pediatric nurse practitioner,nursery nurse,pediatric nurse,neonatal nurse,baby nurse
pediatric nurse practitioner,nursery nurse,pediatric nurse,neonatal nurse,baby nurse
psychiatric nurse,mental health nurse
dental assistant,registered dental assistant
retail sales associate,retail associate,sale associate,retail sales assistant,client service associate,administrative associate
retail buyer,buyer
cashier,retail cashier
beauty counter manager,fashion store manager,retail manager,fashion retail manager,convenience store,retail store manager,grocery manager,plant manager,grocery store manager,storeperson,store manager,department manager
store assistant,department assistant,assistant store manager,assistant front end manager,assistant department manager
hr coordinator,coordinator,coo,scheduling coordinator
basketball coach,assistant coach,athletic coach,football coach,soccer coach,head coach,assistant basketball coach,swim coach,baseball coach,coaching job,tennis coach,track coach,sports coach,head football coach
physical education teacher,pe teacher
cheerleading coach,cheer coach
ux designer,ui ux designer,ui designer
account coordinator,hr coordinator,accounting coordinator,coordinator
clinical nurse specialist,advanced practice nurse,clinical nurse
marketing assistant,assistant marketing manager
cna,care assistant,health assistant,nurse aide,certified nurse assistant,care worker,healthcare assistant,medical assistant internship,nurse assistant,allied health assistant,nursing,nursing assistant,auxiliary nurse,certified nursing assistant
cnc machine operator,cnc machinist
coo,hr coordinator,curriculum coordinator,coordinator
immigration officer,customs and border protection officer,customs agent,border patrol agent,customs officer
icu nurse,cvicu nurse
installer,cable installer,data cable installer
data capturer,data entry specialist,data clerk,data entry administrator,data entry,data entry operator,data collector
data center manager,network engineer,system engineer,data center engineer
data encoder,data processor,data specialist,data coordinator
database developer,oracle developer,db2 developer
daycare assistant,child care assistant,day care assistant,care assistant
nanny position,daycare,childcare worker,day care worker
child life specialist,child care provider,child care worker
day care assistant,child care assistant,care assistant,daycare assistant,care aide
database developer,oracle developer,db2 developer
medical social worker,dcf social worker,social worker,developmental service worker,care worker,aid worker,social work assistant,hospital social worker,clinical social worker,school social worker,settlement worker
dea special agent,dea agent
dea special agent,dea agent
able bodied seaman,crew member,deckhand,deck cadet
dental assistant,registered dental assistant
dental technician,dental lab technician
bond trader,trader,fx trader,derivative trader,oil trader
design assistant,assistant designer
design director,design manager
design director,design manager
desktop support,desktop support engineer,desktop engineer,desktop support technician
it specialist,information technology,information technology specialist
desktop support,desktop support engineer,desktop support technician,desktop engineer
dog handler,detection dog handler
investigator,dmv investigator,dwp fraud investigator,field investigator,detective,crime scene investigator,aml investigator,da investigator,detective and criminal investigator,background investigator,criminal investigator
corrections officer,detention officer,correctional officer
environmental chemist,organic chemist,chemist,development chemist
development engineer,product developer,product engineer
software development manager,development manager,account development manager,business development manager
development specialist,workforce development specialist
development worker,youth development specialist,workforce development specialist
psychologist,assistant psychologist,school psychologist,clinical psychologist
therapist,developmental therapist,art therapist,aba therapist,dance therapist
device simulation engineer,engineer
diabetes nurse educator,diabetes educator
diabetes educator,diabetes nurse educator
diabetes nurse practitioner,diabetes specialist nurse
diabetes nurse practitioner,diabetes specialist nurse
diagnostic sonographer,sonographer,diagnostic medical sonographer
diagnostic radiographer,radiographer
radiologic technologist,diagnostic radiologic technologist
sonographer,diagnostic medical sonographer,diagnostic sonographer,diagnostic radiographer,diagnostic radiologic technologist
dialysis rn,dialysis nurse
dialysis patient care technician,dialysis technician,dialysis reuse technician
dialysis rn,dialysis nurse
diesel generator mechanic,diesel truck mechanic,diesel fitter,diesel engine design engineer
mechanic,diesel generator mechanic,car mechanic,auto mechanic
mechanic,truck driver,diesel truck mechanic,diesel mechanic
dietary clerk,diet clerk
diet technician,dietary technician,dietetic technician
dietary clerk,diet clerk
dietary aide,dietetic assistant
diet technician,dietetic technician
dietician,nutritionist,dietitian,dietitian nutritionist
digital content manager,digital account manager,account manager
digital artist,artist
asset manager,brand manager,digital asset manager,branch manager
digital creative director,creative director
digital illustrator,digital artist,illustrator
digital media manager,digital producer,digital media planner,digital strategist,social media coordinator,digital marketing specialist,social media intern,media manager,social media specialist
director of business development,director of development
senior engineer,engineer manager,director of engineering
director of food and beverage,food and beverage director
security director,director of security
distribution,distributor
distribution,distributor
document specialist,document control specialist
document specialist,document control specialist
documentation officer,document specialist
technical writer,documentation specialist
office cleaner,janitorial,domestic cleaner,cleaner
hotel security,corporate security,security specialist,armed security guard,bodyguard,security guard,armed guard,security assistant,door supervisor,security officer,security,security coordinator
front of house manager,doorman
drilling supervisor,supervisor
safety manager,safety officer
professional driver,dz driver,courier driver,delivery driver,driver
e commerce manager,ecommerce manager
early childhood educator,early childhood education
ecologist,ecology
ecologist,ecology
e commerce manager,ecommerce manager
economist,economic analyst,economic development
education specialist,educational consultant,academic director,curriculum specialist,education program coordinator,education coordinator,education program manager,education director,education consultant,academic coordinator,director of education,education manager,education administrator,education officer
elderly caregiver,caregiver,senior caregiver
electrical design engineer,electrical designer,electrical engineer
electrical design engineer,electrical designer,electrical engineer
senior electrical engineer,electrical supervisor
electronic technician,electrical technician,electronic engineer,master electrician,electrician,industrial electrician
apprentice electrician,electrician helper,journeyman electrician,electrician apprentice,electrical apprentice
electronic assembler,consumer electronics
elementary school secretary,school secretary
elementary school teacher,elementary art teacher,teacher,elementary teacher
engineer,embedded engineer
aaa dispatcher,911 dispatcher,dispatcher,emergency dispatcher,911 operator
project management professional,emergency management,event management
emergency nurse,critical care nurse,er nurse,wound care nurse,emergency room nurse
hse advisor,advisor,hr advisor,international student advisor,employment advisor
energy analyst,business intelligence analyst,business systems analyst,analyst,business analyst intern
area construction manager,energy manager,business development manager
engagement manager,business development manager
engineering manager,engineer,engineer manager
high school english teacher,english tutor,english teacher
counsellor,counselor,enrollment counselor
environment artist,environment,artist
environment,environmental consultant,environmental engineer,environmental,environmental scientist
environment,environmental analyst,analyst,environmental
environment,environmental scientist,environmental,environmental chemist,chemist
environment,environmental,environmental coordinator,coordinator
environment,environmental consultant,environmental engineer,environmental,environmental scientist
engineer,environment,environmental engineer,environmental engineering
environment,environmental officer,environmental health officer,environmental
environment,environmental management,environmental manager,environmental
environment,environmental management,environmental manager,environmental
environment,environmental officer,environmental health officer,environmental
environmental planner,planner,environment,environmental
environment,environmental science,environmental,animal science,environmental scientist
environment,environmental specialist,environmental
epidemiology,epidemiologist
equity research analyst,trader,equity research associate,private equity analyst,equity trader
esl instructor,esl teacher
monitoring and evaluation officer,monitoring and evaluation specialist
executive,event executive
producer,event producer
events assistant,event assistant
special events coordinator,planner,event planner,assistant media planner,events planner
administrative director,administrative coordinator,administration manager,office supervisor,administrative office manager,admin manager,administrative services manager,admin executive,executive admin
executive administrative assistant,assistant to the director,assistant to the ceo
executive personal assistant,senior executive assistant,best executive assistant,executive assistant
head housekeeper,housekeeping supervisor,executive housekeeper,house manager,housekeeping manager
executive recruiter,senior recruiter
recruiter,corporate recruiter,junior recruiter
exercise,exercise physiologist
inventory manager,expeditor
export,coo,export coordinator,coordinator
import export,air export agent,export manager,export,export coordinator
external auditor,junior auditor,internal auditor,audit associate,audit clerk,accounting analyst,as9100 internal auditor,night auditor,auditor,audit manager,account analyst,bank examiner,fraud analyst,audit specialist
food and beverage attendant,f and b supervisor,banquet captain,food and beverage manager,banquet manager,f and b manager,catering manager
domestic violence advocate,family advocate,marriage and family therapist
fashion assistant,fashion assistant buyer,buyer,assistant buyer
fashion designer,fashion job,assistant fashion designer,fashion consultant,assistant fashion stylist
fashion editor,fashion writer
blogger,blog editor
assistant editor,editor,editorial assistant,magazine editor,freelance editor,book editor,copy editor,associate editor
web content editor,content editor,web content writer,web editor,online editor
content writer,travel writer,writer,freelance writer,author,staff writer
writer,copywriter
fashion stylist,fashion journalist,journalist,fashion job
merchandiser,fashion merchandising,assistant merchandiser,visual merchandiser,associate merchandiser,sales merchandiser,fashion merchandiser,retail merchandiser
model,fashion model
fashion store manager,fashion retail manager
retail sales assistant,sales assistant,fashion sales assistant,advertising sales assistant
film crew,film production assistant
film production assistant,production assistant
finance,new,finance associate
finance controller,controller,financial controller
finance executive,finance officer,financial manager
financial administrative assistant,administrative assistant
finance administrator,financial administrator
financial advisor,financial aid counselor,financial aid advisor,financial aid officer
accounts clerk,bookkeeper,financial clerk,accounts receivable clerk,account clerk,finance clerk,ap clerk,accounting clerk
financial officer,finance officer,chief financial officer
financial representative,bank customer service representative,financial service representative
artist,fine arts
food and beverage attendant,head waiter,banquet server,cocktail waitress,waiter,food attendant,server,food server,restaurant waiter,food and beverage server,bartender server,waitress,fine dining server
firefighter,fire fighter,new firefighter
helicopter pilot,pilot,first officer,air force pilot,airline pilot,corporate pilot
trading analyst,junior financial analyst,fixed income analyst,financial specialist,financial analyst
bond trader,fixed income trader,trader,forex trader,junior trader,fx trader
corporate flight attendant,steward,stewardess,cabin crew,flight attendant
floor supervisor,supervisor,customer service supervisor,construction site supervisor,door supervisor
food and beverage supervisor,director of food and beverage,food and beverage director
food science,food scientist
food science,food scientist
food service manager,food service,food service supervisor
landscape manager,language instructor,foreign language teacher,bilingual teacher,language teacher
forensic science,forensic scientist
forensic scientist,scientist,forensic science,medical laboratory scientist,clinical laboratory scientist
bond trader,fixed income trader,trader,sales trader,stock trader,forex trader,junior trader,fx trader
freelance designer,junior graphic designer,graphic artist,designer,freelance graphic designer,cg artist,computer graphics,graphic designer,graphics designer,visual designer
freelance makeup artist,makeup artist
front office manager,hotel front desk manager,front office coordinator,front desk manager,front of house manager,front desk supervisor,hotel front office manager,front desk coordinator,hotel front desk supervisor
front desk,front desk officer,front desk clerk
fundraising officer,fundraising manager
fundraising officer,fundraising manager
funeral assistant,funeral attendant
funeral assistant,funeral attendant
commodity trader,fixed income trader,trader,fx trader,derivative trader
game producer,video game producer
contractor,general contractor
general practitioner,doctor
ta,graduate teacher,graduate teacher assistant,teacher assistant,assistant teacher,teachers assistant,teachers aide,graduate teaching assistant,teacher aide,graduate school
graduate school,graduate teaching assistant
grocery cashier,restaurant cashier,retail cashier,supermarket cashier,cashier job,grocery store cashier,cashier,head cashier,customer service cashier,bank cashier
zumba instructor,group fitness instructor
assistant guest services manager,guest relations manager,guest services manager
gym manager,fitness manager
hall director,residence hall director
teller,head teller
health care coordinator,health and safety officer,safety officer
health educator,health education
student counselor,school counselor,high school counselor
high school math teacher,math teacher,math tutor,middle school math teacher
florist,horticulturist,gardener,arborist
hotel general manager,hospitality manager,hotel manager,hotel assistant manager,hospitality management
hotel front desk manager,hotel front desk receptionist,hotel concierge,concierge,hotel assistant manager
hotel front desk,front desk,hotel front desk agent,front desk agent,agent
hotel front desk clerk,hotel front desk
hotel front desk clerk,hotel front desk,hotel front desk receptionist,front desk,hotel front desk agent
hotel front desk manager,hotel front desk,front desk,front desk manager,hotel front desk agent
front desk supervisor,hotel front desk,hotel front desk supervisor
guest service agent,hotel guest service agent,agent
night auditor,hotel night auditor
hotel operations manager,operations manager
room attendant,hotel room attendant
information technology specialist,desktop engineer,desktop support technician,desktop support engineer,information technology,it specialist
translator interpretor,interpreter,court interpreter,linguist,language interpreter,interpretation
jewelry,jewelry designer
product marketing manager,marketing project manager,marketing manager
labor and delivery nurse,maternity nurse
media specialist,social media specialist,media,library media specialist
laboratory technician,lab technician,medical lab technician,medical technician
medical technologist,medical laboratory scientist,clinical laboratory scientist,medical lab technologist,medical laboratory technologist
laboratory technologist,medical technologist,medical laboratory scientist,clinical laboratory scientist,medical lab technologist,medical laboratory technologist
laboratory technologist,medical technologist,medical laboratory scientist,clinical laboratory scientist,medical lab technologist,medical laboratory technologist
pediatric nurse practitioner,nursery nurse,pediatric nurse,neonatal nurse,baby nurse
nurse anesthetist,anesthesiologist assistant,anesthesia technician,anesthesiologist,crna
case manager,nurse case manager
digital marketing manager,online marketing manager
assistant project manager,project manager assistant,project assistant
software engineer,software developer,computer software engineer,software programmer,junior software developer,application developer,computer programmer,analyst programmer,linux engineer,net developer,java software engineer,access developer,android developer,firmware engineer,java developer,web programmer,flash developer,application specialist,asp.net developer,software test engineer,embedded software engineer,abap developer,programmer,computer science,ab initio developer,associate software engineer
warehouse operator,warehouse coordinator,warehouse manager,warehouse supervisor
emergency nurse,critical care nurse,er nurse,wound care nurse,emergency room nurse
zumba instructor,instructor,group fitness instructor
3d animator,motion graphic designer,animator,animation director
aircraft technician,aircraft engine mechanic,a and p mechanic,airplane inspector,aircraft maintenance engineer,aircraft mechanic,aircraft engineer
ab initio tester,qa engineer,software qa,qa tester
sap consultant,abap consultant
associate dean,academic dean
accounting analyst,account analyst
account assistant,accounts assistant
accounts receivable analyst,accounts payable analyst,accounts payable specialist,accounts payable manager
accounts payable processor,accounts payable supervisor
accounts receivable specialist,accounts payable supervisor,accounts payable analyst,accounts payable specialist
accounts payable supervisor,accounts payable processor,accounts receivable supervisor,accounts payable specialist
accounts receivable analyst,accounts payable analyst
accounts receivable analyst,accounts receivable manager,accounts receivable supervisor,accounts receivable coordinator,accounts payable specialist,accounts receivable specialist
accounts payable specialist,accounts receivable specialist
activities aide,activity assistant,activity aide,activities assistant
activity assistant,activities aide,activities assistant,activity aide
activity coordinator,activities manager,activities coordinator,activity manager,activity director
activity manager,activities manager
activities aide,activity aide
activity assistant,activities assistant
activity coordinator,activities coordinator
activity manager,activities manager
activity therapist,recreation therapist
actor,actress
addiction counselor,addiction therapist,addiction specialist,aoda counselor,alcohol and drug addiction counselor
administration manager,administrative coordinator,administrative manager,admin manager,administrative director
administrative officer,administration officer
administrative officer,administrative clerical
administrative coordinator,administrative director
administrative officer,administrative coordinator,administrative aide,administrative director
administration manager,office supervisor,administrative services manager,administrative manager,administrative supervisor
administration manager,administrative office manager,administrative officer,administrative manager,administrative services manager
administrative office manager,administrative clerical,administrative officer,administration officer,administrative director
office administrator,office supervisor,administrative office manager,administrative manager,administrative services manager,administrative supervisor
office coordinator,office supervisor,communications assistant,administrative services manager,administrative manager,administrative supervisor,management assistant
admissions officer,admissions clerk
admissions recruiter,admissions representative
admissions recruiter,admissions representative
advertising coordinator,advertising account manager
advertising coordinator,advertising account manager
advertising manager,advertising executive,sales and marketing executive,advertising operations manager
advertising manager,advertising executive,sales and marketing executive,advertising operations manager
photographer,advertising photographer
inside sales representative,sales representative,medical sales representative,retail sales representative,beer sales rep,medical sales rep,dairy supplies sales representative,agent,direct sales representative,sales rep,sales agent ,outside sales representative,field sales representative,advertising sales representative,pharmaceutical sales rep,medical representative,technical sales representative
aerospace engineer,aerospace,aerodynamics engineer,aeronautical engineer
ai programmer,data scientist
air force officer,sergeant
airline,air traffic controller
aircraft fueler,aircraft refueler
aircraft refueler,aircraft fueler
airline manager,airport executive,airport manager
reservation agent,airline reservation agent
airline manager,airport executive,airport manager
airline manager,airport executive,airport manager
health care assistant,health care aide,allied health assistant,health assistant
allocator,inventory manager
aml investigator,aml analyst
laboratory technologist,analytical technician,analytical chemist,lab tech,lab analyst,lab technician,laboratory analyst,laboratory technician
nurse anesthetist,anesthesiologist assistant,anesthesia technician,anesthesiologist,crna
anesthesia technologist,nurse anesthetist,anesthesiologist assistant,anesthesia technician,anesthesiologist,crna
nurse anesthetist,anesthesiologist assistant,anesthesia technician,anesthesiologist,crna
anesthesiologist assistant,nurse anesthetist,anesthesia technician,anesthesiologist,crna
dog sitter,dog walker,pet sitter,animal shelter volunteer,animal control officer,animal technician,animal caretaker,animal care attendant,animal control worker
animal control officer,animal control worker
animal science,animal scientist
announcer,radio announter
leasing agent,apartment leasing consultant,rental agent,leasing manager,leasing consultant
apartment manager,property manager,property administrator,assistant property manager
application support analyst,software analyst,application analyst,programmer analyst,it business analyst
solution architect,application architect,software architect
software manager,application manager
human services,dcf social worker,application specialist
software analyst,applications analyst,application analyst
appointment setter,appointment scheduler
appointment scheduler,appointment setter
real estate appraiser,appraiser
arabic teacher,arabic tutor
arabic teacher,arabic tutor
archeologist,archaeologist
archeologist,archaeologist
architectural engineer,architect engineer
architectural engineer,architect engineer
team coordinator,team leader,area coordinator,team manager
area manager,regional manager,district manager,retail district manager
armed guard,armed security guard
armed guard,armed security guard
armored car messenger,armored car driver
armored car messenger,armored car driver
worship pastor,youth pastor,pastor,army chaplain,chaplain,associate pastor
army engineer,mechanical engineer,mechanical engineering
army officer,army warrant officer
army officer,army warrant officer
curatorial assistant,curator,art curator
gallery assistant,art gallery assistant
art therapy,art therapist
as400 administrator,as400 system administrator
as400 rpg programmer,as400 programmer
as400 programmer,as400 rpg programmer
asic verification engineer,asic engineer,asic design engineer
asl instructor,asl teacher
net developer,asp.net developer
assembler,factory worker,process worker,production worker
assembly line worker,assembly line leader
assembly line worker,assembly line leader
assistant bank manager,bank branch manager
attorney general,assistant district attorney,assistant city attorney,assistant attorney general
construction supervisor,assistant construction superintendent,construction superintendent,site supervisor,construction site supervisor,site coordinator
assistant to the dean,assistant dean,assistant dean of students
assistant to the dean,assistant dean,assistant dean of students
assistant director,assistant program director,assistant to the director,associate director
director of admissions,assistant director of admissions,admissions director,admissions officer,admissions coordinator
assistant director of financial aid,financial aid officer
assistant city attorney,assistant district attorney
associate engineer,assistant engineer
assistant estimator,cost estimator,estimator
assistant general counsel,general counsel
assistant head of school,assistant principal
kitchen hand,kitchen staff,kitchen assistant,assistant kitchen manager,kitchen porter,crew member,kitchen steward,kitchen helper
library technician,library clerk,assistant librarian
assistant police chief,police officer
associate product manager,assistant produce manager
associate producer,assistant producer
psychologist,assistant psychologist,school psychologist,clinical psychologist
publisher,assistant publisher
quantity surveyor,assistant quantity surveyor
registrar,assistant registrar
restaurant manager,fast food manager,assistant restaurant manager
retail sales manager,assistant sales manager
assistant superintendent,superintendent,superintendent of schools,school superintendent
assistant to the director,assistant to the ceo
treasurer,assistant treasurer
assistant vice president,associate vice president
assisted living executive director,assisted living manager,assisted living coordinator,assisted living director,assisted living administrator
financial planner,associate financial planner
worship pastor,clergy,youth pastor,pastor,associate pastor
publicist,associate publicist
sports director,athletic director
athletic coach,athletic trainer
attendance clerk,attendance officer
attendance clerk,attendance officer
attending physician,physician,physician assistant
au pair,nanny
audiovisual manager,audiovisual specialist
audiovisual manager,audiovisual specialist
audio visual technician,audiovisual technician,audio technician,av technician
junior auditor,internal auditor,audit clerk,audit associate,night auditor,auditor,audit specialist
authorization coordinator,authorization specialist
authorization coordinator,authorization specialist
auto technician,automotive electrician,auto electrician
cad designer,autocad designer
cad drafter,cad technician,autocad operator,autocad draftsman,autocad drafter
automobile service advisor,automotive service advisor
auto technician,automotive electrician
automobile service advisor,automotive service advisor
automotive service writer,automotive service manager
aircraft technician,aircraft engine mechanic,mechanical fitter,aviation maintenance technician,avionics technician
baggage handler,ramp agent
baker,baker helper
baker,baker helper
dancer,ballet dancer
bank clerk,bank administrator
bank clerk,bank administrator
banking center manager,banking manager,bank manager
bank teller,banking consultant,banking,bank officer
banking center manager,banking manager,bank manager
bankruptcy attorney,bankruptcy lawyer
bankruptcy attorney,bankruptcy lawyer
banquet manager,catering manager,banquet captain
banquet manager,catering manager,banquet captain
barback,bar attendant
barback,bar attendant
barrister,lawyer,solicitor,advocate
beauty therapist,beauty consultant,beauty advisor
beauty therapist,beauty consultant,beauty advisor
behavior specialist,behavioral therapist
behavior specialist,behavioral therapist
benefits advisor,benefits administrator,benefits assistant
benefits advisor,benefits administrator,benefits assistant
benefits specialist,benefits analyst
benefits coordinator,benefits manager,benefits director
beta tester,qa tester
bi consultant,bi developer,senior consultant,business consultant
debt collector,bill collector
billing clerk,billing coordinator,billing specialist
biochemical engineer,biomedical engineer,biochemist
biology teacher,biology tutor
biology teacher,biology tutor
biomedical equipment technician,biomedical technician
biomedical equipment technician,biomedical technician
boat mechanic,boat builder
boat mechanic,boat builder
boiler operator,boiler engineer,boilermaker
boiler operator,boiler engineer,boilermaker
boiler operator,boiler engineer,boilermaker
building engineer,construction engineer
building inspector,construction inspector
development director,business development executive,director of business development,business development manager
business development officer,development officer,development coordinator
busperson,busser
corporate flight attendant,steward,stewardess,cabin crew,flight attendant
restaurant manager,bar manager,cafe manager
call center manager,customer service call center manager,call center supervisor,call center director
camp counselor,camp counsellor,camp director,summer camp counselor
camp counselor,camp counsellor,camp director,summer camp counselor
car sales manager,car salesman
care provider,care worker
career coach,career counselor,career advisor
case manager,caseworker,case coordinator
caterer,catering assistant,party planner
catering manager,catering coordinator
catering manager,catering coordinator
graphic artist,cg artist
volunteer,charity
taxi driver,chauffeur,personal driver
chief engineer,senior engineer
christian teacher,catholic school teacher
city planner,urban planner
claims representative,claims assistant,claims processor,claims examiner,claims adjuster,claims analyst,insurance claims adjuster,claims specialist
teacher assistant,classroom assistant
clerical aide,clerical officer,clerical support,clerical assistant
clerk typist,typist
client manager,client service representative,client services manager,client relationship manager,client service associate
client manager,client service representative,client services manager,client relationship manager,client service associate
client manager,client service representative,client services manager,client relationship manager,client service associate,client service manager
client manager,client service representative,client services manager,client relationship manager,client service associate
client manager,client service representative,client services manager,client relationship manager,client service associate
clinical coordinator,clinic manager
clinical medical assistant,clinical assistant
clinical research associate,cra,clinical research assistant,medical research assistant,research associate,research assistant,graduate research assistant
bar manager,club manager,nightclub manager
collection manager,collection specialist,collections manager
college advisor,college counselor
college advisor,college counselor
college lecturer,college professor,college teacher,college instructor
marketing communications specialist,communications supervisor,director of communications,communications consultant,communication manager,communication specialist,communications specialist
communications associate,communications assistant
communications associate,communications assistant
community manager,online community manager,community relations manager,community coordinator,community relations coordinator,public relations coordinator
community worker,community support worker
community worker,community support worker
compliance manager,compliance specialist,compliance coordinator,compliance officer,compliance analyst
it support technician,it support engineer,computer operator,it support specialist,it support
computer support specialist,computer tech,computer technician
digital content manager,web content manager,content manager
contracts manager,contract manager,contract specialist,contract administrator,contracts administrator
corporate lawyer,corporate attorney
corporate lawyer,corporate attorney
paralegal,corporate paralegal,legal researcher,legal research assistant
training and development manager,training specialist,learning and development manager,training consultant,training coordinator,corporate trainer,training manager
van driver,courier driver,courier
digital creative director,creative director job position,creative director,creative manager
credit manager,credit controller,credit officer
customer satisfaction manager,customer success manager,customer retention specialist,customer retention manager
customs agent,customs officer
customs agent,customs officer
dairy farmer,dairy herd manager,dairy farm manager,dairy manager,farm manager
data administrator,business intelligence analyst
data architect,data manager
data architect,data manager
early childhood educator,ece,kindergarten teacher,kindegarten teacher,child care teacher,early childhood assistant,nursery teacher,toddler teacher,kindergarten assistant,lead teacher,early childhood teacher,daycare teacher,early childhood education
dean of students,dean
dean of students,dean
design engineer,mechanical design engineer
territory sales manager,district sales manager
architectural drafter,architectural and civil drafter,drafter,draftsman
managing editor,editor in chief
special education assistant,education assistant,instructional assistant,educational assistant
elementary principal,elementary school principal
elementary principal,elementary school principal
employment consultant,employment specialist
employment consultant,employment specialist
esl instructor,esl teacher
site engineer,field engineer
interviewer,field interviewer
field service engineer,service engineer
service technician,field service technician
filmmaker,film director
food service assistant,food service,food service worker
fraud investigator,fraud analyst,dwp fraud investigator
fundraising officer,fundraising assistant,fundraising coordinator,fundraising manager,fundraiser
gallery assistant,art gallery assistant
game developer,game programmer
general assistant,clerical assistant
ta,graduate teacher,graduate teacher assistant,teacher assistant,assistant teacher,teachers assistant,teachers aide,graduate teaching assistant,teacher aide,graduate school
grant writer,grants manager,grant coordinator,grants officer
guest relation officer,guest service representative,guest relations manager,guest services manager,assistant guest services manager,hotel guest service agent,guest service agent
gym instructor,athletic coach
head housekeeper,executive housekeeper,housekeeping supervisor,housekeeping manager
head teacher,lead teacher
headhunter,hiring manager,corporate recruiter
weight loss consultant,health coach
health care assistant,healthcare assistant
hotel admin,hotel clerk
hotel receptionist,hotel front desk,hotel front desk receptionist
hotel sales coordinator,hotel sales manager,catering sales manager
hotel general manager,hospitality manager,hotel supervisor,hotel manager,hotel assistant manager,hospitality management
housing officer,housing coordinator
hr consultant,hr specialist
hse officer,hse coordinator,hse manager
hse officer,hr officer
human resources specialist,human resource specialist
human rights officer,humanitarian
implementation consultant,implementation specialist
implementation consultant,implementation specialist
import export,import export manager
database analyst,information analyst
information security,information security analyst,information security officer
information security,information security analyst,information security officer
information security,information security analyst,information security officer
information systems manager,information systems
information systems manager,information systems
information technology officer,information technology assistant
information technology technician,information technology
infrastructure manager,it infrastructure manager
inside sales representative,inside sales manager
kindergarten teacher,kindegarten teacher
kitchen supervisor,kitchen manager
laboratory assistant,lab assistant
lab supervisor,laboratory manager,lab manager
laboratory assistant,lab assistant
laundry attendant,laundry assistant
laundry attendant,laundry assistant
special education assistant,special needs teaching assistant,special needs assistant,special education aide,learning mentor
legal counsel,legal consultant,legal advisor
paralegal,law associate,legal associate
linux administrator,linux admin,windows administrator,unix administrator
linux administrator,windows administrator,unix administrator,linux adminstrator
linux administrator,windows administrator,unix administrator,linux adminstrator
litigation attorney,litigation associate,litigation paralegal
medical laboratory assistant,medical lab assistant
medical lab technician,medical technologist,medical laboratory scientist,medical laboratory technician,medical lab technologist,medical laboratory technologist
museum curator,assistant curator
au pair,nanny
patient coordinator,health care coordinator,patient care coordinator,care coordinator
payroll coordinator,payroll processor,payroll officer,payroll administrator,payroll clerk,payroll manager
payroll officer,parole officer
personal support worker,personal care assistant,residential care worker,pca,personal carer,home care worker,personal care attendant,personal care worker
early childhood educator,ece,primary school teacher,preschool director,infant teacher,child care teacher,early childhood assistant,pre k teacher,early childhood teacher,preschool teacher,daycare teacher,early childhood education
preschool teacher assistant,preschool assistant teacher
junior programmer,programmer,software programmer
quality control manager,quality control inspector,quality controller
quality assurance engineer,quality engineer
quality control technician,quality inspector
technical sales engineer,sales engineer
sales director,sales and marketing executive,sales executive
car sales manager,bookseller,car dealership,sales trainee,salesperson,salesman,auto parts,sales person,car salesman
recording engineer,audio engineer,sound engineer,sound designer
stock broker,stockbroker
strategy manager,strategy analyst,strategy consultant
technical support specialist,technical support representative,technical support,it technical support,technical support manager,technical support analyst,technical support engineer
technical support specialist,it support specialist,technical support analyst
telecom engineer,telecommunication engineer
telecom technician,telecommunications technician
taker,telemarketer
territory sales manager,regional sales manager,territory sales representative,territory manager,district sales manager
learning and development manager,training and development manager,training manager,training coordinator
hospital clerk,unit clerk,unit secretary,medical front office assistant,medical secretary
warehouse clerk,warehouse assistant,warehouse associate
warehouse operator,warehouse manager,warehouse supervisor
counsellor,child advocate,youth counsellor,youth advocate,youth support worker,youth care worker,youth counselor,child and youth worker,youth worker,youth specialist
youth officer,youth leader
